sub	ses	run	fd_mean	dvars_mean	globalsignal_mean
sub-0064	ses-04	run-01	0.13291844715079482	33.038324233913706	3654.1390242466505
sub-0064	ses-04	run-02	0.14984901536260406	32.9504479682059	3624.595278281317
