sub	ses	run	fd_mean	dvars_mean	globalsignal_mean
sub-0091	ses-04	run-01	0.17914431522331564	37.200187196820586	3730.2278526666055
sub-0091	ses-04	run-02	0.20339609528614683	36.739692102952304	3775.5305365401737
