sub	ses	run	fd_mean	dvars_mean	globalsignal_mean
sub-0005	ses-04	run-02	0.08181718606161995	32.60331682816048	3776.203470458609
