sub	ses	run	fd_mean	dvars_mean	globalsignal_mean
sub-0062	ses-04	run-01	0.08318560753822857	35.602815168054505	3878.603085442953
sub-0062	ses-04	run-02	0.0771209434445117	34.08049504996215	3934.1694673180086
