sub	ses	run	fd_mean	dvars_mean	globalsignal_mean
sub-0021	ses-04	run-01	0.11743619409008324	37.445710282361844	3678.4454207896674
sub-0021	ses-04	run-02	0.1093368075775927	37.22029615897048	3658.3824082242463
