sub	ses	run	fd_mean	dvars_mean	globalsignal_mean
sub-0092	ses-04	run-01	0.13786660099318696	36.604066999242995	3752.519095704969
sub-0092	ses-04	run-02	0.13618364342672212	35.70697874791824	3682.657954854407
