sub	ses	run	fd_mean	dvars_mean	globalsignal_mean
sub-0133	ses-04	run-01	0.16491098040476906	39.92422814307343	3008.986071929899
sub-0133	ses-04	run-02	0.1599362203071158	41.86796140651022	3002.77306194489
