sub	ses	run	fd_mean	dvars_mean	globalsignal_mean
sub-0070	ses-04	run-01	0.1857934603417108	39.39210010370931	3451.214822064802
sub-0070	ses-04	run-02	0.16503537393308096	40.19452580545041	3447.5590334657472
