sub	ses	run	fd_mean	dvars_mean	globalsignal_mean
sub-0131	ses-04	run-01	0.09619481367130957	33.19127079712339	4224.401131351033
sub-0131	ses-04	run-02	0.0944276026391597	34.67711114988645	4243.899467041049
