sub	ses	run	fd_mean	dvars_mean	globalsignal_mean
sub-0002	ses-04	run-01	0.2150174444199697	32.032464291225416	3142.102372781189
sub-0002	ses-04	run-02	0.2363786375109765	31.226598011355033	3082.915924489593
