sub	ses	run	fd_mean	dvars_mean	globalsignal_mean
sub-0088	ses-04	run-01	0.14879178038758512	33.30050004693414	3577.442006581129
sub-0088	ses-04	run-02	0.1529150613933459	34.06379884859955	3615.023722464551
