sub	ses	run	fd_mean	dvars_mean	globalsignal_mean
sub-0090	ses-04	run-01	0.09127827267638149	34.2401293981832	3771.2906176378447
sub-0090	ses-04	run-02	0.10322022604012107	35.82180942392127	3772.5213331994537
