sub	ses	run	fd_mean	dvars_mean	globalsignal_mean
sub-0050	ses-04	run-01	0.08566028440931865	36.22119639439819	4091.5770290282876
sub-0050	ses-04	run-02	0.1094798793423164	42.97182860408781	4092.358488575853
