sub	ses	run	fd_mean	dvars_mean	globalsignal_mean
sub-0019	ses-04	run-01	0.09618130218773652	35.74908044965935	3599.572007046489
sub-0019	ses-04	run-02	0.10296382361847083	36.87609934519303	3627.3632459014143
