sub	ses	run	fd_mean	dvars_mean	globalsignal_mean
sub-0112	ses-04	run-01	0.2146332392837244	36.06624507494322	3427.092588318817
sub-0112	ses-04	run-02	1.8875045791816807	61.5679746994701	3342.4655234610377
