sub	ses	run	fd_mean	dvars_mean	globalsignal_mean
sub-0089	ses-04	run-01	0.11886411967070397	34.70524270476911	3305.8208138099103
sub-0089	ses-04	run-02	0.09460846693641177	36.37369797426193	3312.8807482493594
