sub	ses	run	fd_mean	dvars_mean	globalsignal_mean
sub-0058	ses-04	run-01	0.09615254901152759	43.52680576381529	2762.7309923023554
sub-0058	ses-04	run-02	0.1146633196423921	42.07487400908403	2779.7675803438383
