sub	ses	run	fd_mean	dvars_mean	globalsignal_mean
sub-0056	ses-04	run-01	0.08870826273974257	32.18491208099925	3162.9250642771485
sub-0056	ses-04	run-02	0.08494678606979557	31.857807154428457	3173.022253858589
