sub	ses	run	fd_mean	dvars_mean	globalsignal_mean
sub-0051	ses-04	run-01	0.17374297342467823	39.01998774640424	4097.538699584475
sub-0051	ses-04	run-02	0.12629055064723693	40.805615753974266	4068.340692472749
