sub	ses	run	fd_mean	dvars_mean	globalsignal_mean
sub-0093	ses-04	run-01	0.14487335732679785	30.18496984632854	3804.1078945915783
sub-0093	ses-04	run-02	0.13867257813247535	34.67930655412567	3764.13326396671
