sub	ses	run	fd_mean	dvars_mean	globalsignal_mean
sub-0076	ses-04	run-01	0.12505080809249808	40.745858913701746	3871.6773956021216
sub-0076	ses-04	run-02	0.11166375303497347	40.191200196820596	3850.3827598550624
