sub	ses	run	fd_mean	dvars_mean	globalsignal_mean
sub-0053	ses-04	run-01	0.1010263970841786	39.175775527630584	3186.2775787862224
sub-0053	ses-04	run-02	0.08996610638561693	38.130046196820594	3195.3201816612236
