sub	ses	run	fd_mean	dvars_mean	globalsignal_mean
sub-0109	ses-04	run-01	0.11106024146934139	32.414710773656324	3992.3423194834813
sub-0109	ses-04	run-02	0.09598833155064342	33.296902548826644	3964.289088272038
