sub	ses	run	fd_mean	dvars_mean	globalsignal_mean
sub-0017	ses-04	run-01	0.3544386176792738	40.07525578593041	4132.908261863057
sub-0017	ses-04	run-02	0.26063271012308853	37.04181646252839	4174.426458576513
