sub	ses	run	fd_mean	dvars_mean	globalsignal_mean
sub-0004	ses-04	run-01	0.09553645606497727	36.575359518154315	3728.0272443247936
sub-0004	ses-04	run-02	0.09941238850719149	35.50766136260409	3735.012115001695
