sub	ses	run	fd_mean	dvars_mean	globalsignal_mean
sub-0055	ses-04	run-01	0.13001987835563963	46.31014399167298	3577.6405154851586
sub-0055	ses-04	run-02	0.1617935011763815	47.70495412263436	3523.5808079237845
