sub	ses	run	fd_mean	dvars_mean	globalsignal_mean
sub-0100	ses-04	run-01	0.201367314136866	45.36475091975776	3670.703356148574
sub-0100	ses-04	run-02	0.23875683679091597	43.54950146252839	3688.0553510731775
