sub	ses	run	fd_mean	dvars_mean	globalsignal_mean
sub-0127	ses-04	run-01	0.14563063162604087	42.95226334140803	3410.9488278233557
sub-0127	ses-04	run-02	0.2272765879742619	38.08413082816048	3447.11370071945
