sub	ses	run	fd_mean	dvars_mean	globalsignal_mean
sub-0078	ses-04	run-01	0.11712181978652533	37.801554921271766	2949.8572029447805
sub-0078	ses-04	run-02	0.110703199433732	36.3013065662377	2955.32757698361
