sub	ses	run	fd_mean	dvars_mean	globalsignal_mean
sub-0008	ses-04	run-01	0.0985781360113464	33.2270054258699	3566.3680226055544
sub-0008	ses-04	run-02	0.08004394136885688	34.58761791672975	3550.4877613889344
