sub	ses	run	fd_mean	dvars_mean	globalsignal_mean
sub-0129	ses-04	run-01	0.09327016663626037	42.07251519833459	3103.4748041041203
sub-0129	ses-04	run-02	0.0850489242119606	42.94498457986374	3112.843138620169
