sub	ses	run	fd_mean	dvars_mean	globalsignal_mean
sub-0013	ses-04	run-01	0.09000286162043791	32.908049640713706	3653.3880112897514
sub-0013	ses-04	run-02	0.10591737925919753	32.67841668281605	3620.605044490709
