sub	ses	run	fd_mean	dvars_mean	globalsignal_mean
sub-0087	ses-04	run-01	0.14681745102051474	35.706046389099164	3755.6663662351784
sub-0087	ses-04	run-02	0.1823308525503406	37.81180555185466	3748.512962762451
