sub	ses	run	fd_mean	dvars_mean	globalsignal_mean
sub-0066	ses-04	run-01	0.11632286993065855	38.382625875094625	3651.524511131727
sub-0066	ses-04	run-02	0.08225326033459497	34.37665613701741	3656.651400679717
