sub	ses	run	fd_mean	dvars_mean	globalsignal_mean
sub-0025	ses-04	run-01	0.1836844557420136	46.22394101362604	3501.757485197886
sub-0025	ses-04	run-02	0.16407340508735802	48.44440994473884	3507.0713561956577
