sub	ses	run	fd_mean	dvars_mean	globalsignal_mean
sub-0115	ses-04	run-01	0.10511653192482963	36.67841336184709	3325.38519467569
sub-0115	ses-04	run-02	0.13331016226056014	36.37998275775927	3335.0196927612333
