sub	ses	run	fd_mean	dvars_mean	globalsignal_mean
sub-0077	ses-04	run-01	0.14297986723020434	38.69336341105223	3076.956882518299
sub-0077	ses-04	run-02	0.1486886231006813	40.62726087509463	3081.1094064994427
