sub	ses	run	fd_mean	dvars_mean	globalsignal_mean
sub-0016	ses-04	run-01	0.17507353779364593	37.036306170196674	3226.254659995956
sub-0016	ses-04	run-02	0.1383704347009841	36.13908256926571	3224.6168878647736
