sub	ses	run	fd_mean	dvars_mean	globalsignal_mean
sub-0111	ses-04	run-01	0.08198989433785006	30.97506775700227	3922.501835556448
sub-0111	ses-04	run-02	0.08432618303028006	32.67978691143074	3883.768800843569
