sub	ses	run	fd_mean	dvars_mean	globalsignal_mean
sub-0019	ses-03	run-01	0.104371359520743	36.99069061919504	3429.2526161877845
