sub	ses	run	fd_mean	dvars_mean	globalsignal_mean
sub-0053	ses-03	run-01	0.09562446929408171	36.89724127150701	2985.473252029114
