sub	ses	run	fd_mean	dvars_mean	globalsignal_mean
sub-0040	ses-03	run-01	0.14569863512629652	37.60965500671141	3401.284314981275
