sub	ses	run	fd_mean	dvars_mean	globalsignal_mean
sub-0098	ses-03	run-01	0.12017877094484439	34.63604827516778	3884.5095836361443
