sub	ses	run	fd_mean	dvars_mean	globalsignal_mean
sub-0092	ses-03	run-01	0.12760522450809636	35.08984385051861	3440.6771152945826
