sub	ses	run	fd_mean	dvars_mean	globalsignal_mean
sub-0086	ses-03	run-01	0.11647739109505792	34.12315515009152	3823.892047716508
