sub	ses	run	fd_mean	dvars_mean	globalsignal_mean
sub-0016	ses-03	run-01	0.13813355598674917	38.52432725510836	3121.0645191383337
