sub	ses	run	fd_mean	dvars_mean	globalsignal_mean
sub-0052	ses-03	run-01	0.11915388092043926	38.115352538133	3549.175305305243
