sub	ses	run	fd_mean	dvars_mean	globalsignal_mean
sub-0057	ses-03	run-01	0.12983237976741913	36.494956309945096	3136.9198571781158
