sub	ses	run	fd_mean	dvars_mean	globalsignal_mean
sub-0059	ses-03	run-01	0.13527138287358142	38.28593396888346	3576.6611203390084
