sub	ses	run	fd_mean	dvars_mean	globalsignal_mean
sub-0014	ses-03	run-01	0.12723960219065011	37.00145107306502	2998.7101564636823
