sub	ses	run	fd_mean	dvars_mean	globalsignal_mean
sub-0078	ses-03	run-01	0.10195630349768148	35.2064443862111	3796.3468620705667
