sub	ses	run	fd_mean	dvars_mean	globalsignal_mean
sub-0131	ses-03	run-01	0.15638024272056125	38.06852345759609	4063.498985596448
