sub	ses	run	fd_mean	dvars_mean	globalsignal_mean
sub-0024	ses-03	run-01	0.11715913429258076	36.61361623219814	3756.259164328957
