sub	ses	run	fd_mean	dvars_mean	globalsignal_mean
sub-0080	ses-03	run-01	0.11847695824893224	35.38745702684564	3600.024408844753
