sub	ses	run	fd_mean	dvars_mean	globalsignal_mean
sub-0133	ses-03	run-01	0.23679937315009147	40.93543502501525	3178.5235417975773
