sub	ses	run	fd_mean	dvars_mean	globalsignal_mean
sub-0087	ses-03	run-01	0.11653450954240387	35.46128161317877	3805.5982389242668
