sub	ses	run	fd_mean	dvars_mean	globalsignal_mean
sub-0005	ses-03	run-01	0.11045942666253866	29.379869	3876.8673401492774
