sub	ses	run	fd_mean	dvars_mean	globalsignal_mean
sub-0062	ses-03	run-01	0.0925102919640024	33.70137269310555	3603.5753032167117
