sub	ses	run	fd_mean	dvars_mean	globalsignal_mean
sub-0079	ses-03	run-01	0.12945734499158018	37.17180393349604	3947.442718965042
