sub	ses	run	fd_mean	dvars_mean	globalsignal_mean
sub-0002	ses-03	run-01	0.3052111398513932	31.722427580804954	3531.9390457031136
