sub	ses	run	fd_mean	dvars_mean	globalsignal_mean
sub-0093	ses-03	run-01	0.10847100280439287	33.21391095118975	3266.3280493103957
