sub	ses	run	fd_mean	dvars_mean	globalsignal_mean
sub-0128	ses-03	run-01	0.09351076832019521	33.56249793349603	3602.1555658964066
