sub	ses	run	fd_mean	dvars_mean	globalsignal_mean
sub-0058	ses-03	run-01	0.12457488735555823	39.612318926784624	2749.031074896648
