sub	ses	run	fd_mean	dvars_mean	globalsignal_mean
sub-0041	ses-03	run-01	0.13077101010372175	37.48303812080537	3659.5175838361647
