sub	ses	run	fd_mean	dvars_mean	globalsignal_mean
sub-0043	ses-03	run-01	0.12022673035496032	34.69961784075656	3764.2703809841155
