sub	ses	run	fd_mean	dvars_mean	globalsignal_mean
sub-0106	ses-03	run-01	0.09631928032291638	34.27497116229409	3563.275443708277
