sub	ses	run	fd_mean	dvars_mean	globalsignal_mean
sub-0102	ses-03	run-01	0.13972914995936542	33.19018472117145	3940.8694164316034
