sub	ses	run	fd_mean	dvars_mean	globalsignal_mean
sub-0050	ses-03	run-01	0.11455955032762656	40.375077054911536	3349.107153999049
