sub	ses	run	fd_mean	dvars_mean	globalsignal_mean
sub-0011	ses-03	run-01	0.12053752721374608	33.245907460061915	3263.485796971498
