sub	ses	run	fd_mean	dvars_mean	globalsignal_mean
sub-0033	ses-03	run-01	0.12472673927565585	42.653752161683954	3480.1775465796068
