sub	ses	run	fd_mean	dvars_mean	globalsignal_mean
sub-0004	ses-03	run-01	0.10496934852173369	33.77854276099071	3438.382938940477
