sub	ses	run	fd_mean	dvars_mean	globalsignal_mean
sub-0018	ses-03	run-01	0.10881002080123833	32.590375921362224	3329.8132508875037
