sub	ses	run	fd_mean	dvars_mean	globalsignal_mean
sub-0101	ses-03	run-01	0.12815684086262352	38.626061951799876	3693.0788223472214
