sub	ses	run	fd_mean	dvars_mean	globalsignal_mean
sub-0089	ses-03	run-01	0.11970617958987186	40.358614640634535	3815.7518984680974
