sub	ses	run	fd_mean	dvars_mean	globalsignal_mean
sub-0006	ses-03	run-01	0.1236275289331145	33.28644930712075	3730.1550018311627
