sub	ses	run	fd_mean	dvars_mean	globalsignal_mean
sub-0031	ses-03	run-01	0.07276085221269063	37.67106744112264	4000.5285346961423
