sub	ses	run	fd_mean	dvars_mean	globalsignal_mean
sub-0104	ses-03	run-01	0.12122742755021351	35.85203069920683	3584.9652870755303
