sub	ses	run	fd_mean	dvars_mean	globalsignal_mean
sub-0007	ses-03	run-01	0.12930058157647054	36.092254177089785	3532.552079773605
