sub	ses	run	fd_mean	dvars_mean	globalsignal_mean
sub-0001	ses-03	run-01	0.1366037144835913	35.00210133436533	3113.1148029559977
