sub	ses	run	fd_mean	dvars_mean	globalsignal_mean
sub-0084	ses-03	run-01	0.24726361763807198	36.26779882855399	3180.365470395729
