sub	ses	run	fd_mean	dvars_mean	globalsignal_mean
sub-0115	ses-03	run-01	0.16025425071079924	33.60925346064674	3331.757173811008
