sub	ses	run	fd_mean	dvars_mean	globalsignal_mean
sub-0025	ses-03	run-01	0.12939450688546125	42.5952040619195	3574.14033907669
