sub	ses	run	fd_mean	dvars_mean	globalsignal_mean
sub-0032	ses-03	run-01	0.14019302815417936	39.022967382550334	3429.3386449687696
