sub	ses	run	fd_mean	dvars_mean	globalsignal_mean
sub-0127	ses-03	run-01	0.2222536696693105	39.31743364124466	3520.0355335521467
