sub	ses	run	fd_mean	dvars_mean	globalsignal_mean
sub-0103	ses-03	run-01	0.11351851602697983	40.848383740695546	3235.5318167844794
