sub	ses	run	fd_mean	dvars_mean	globalsignal_mean
sub-0038	ses-03	run-01	0.1051555634944234	34.48024537339841	3404.204860805167
