sub	ses	run	fd_mean	dvars_mean	globalsignal_mean
sub-0013	ses-03	run-01	0.11102702237770895	32.55927264767802	3426.74209170651
