sub	ses	run	fd_mean	dvars_mean	globalsignal_mean
sub-0037	ses-03	run-01	0.1430314068230628	38.67257808785845	3690.6997436610677
