sub	ses	run	fd_mean	dvars_mean	globalsignal_mean
sub-0036	ses-03	run-01	0.15039919168090293	36.292110626601584	3325.128940817606
