sub	ses	run	fd_mean	dvars_mean	globalsignal_mean
sub-0044	ses-03	run-01	0.09876979916802926	37.830087458206215	3726.4493443441515
