sub	ses	run	fd_mean	dvars_mean	globalsignal_mean
sub-0056	ses-03	run-01	0.06872472691043927	32.37585560280659	3045.000207180263
