sub	ses	run	fd_mean	dvars_mean	globalsignal_mean
sub-0083	ses-03	run-01	0.0978524357715314	37.01342150579622	3192.2209937605667
