sub	ses	run	fd_mean	dvars_mean	globalsignal_mean
sub-0132	ses-03	run-01	0.14440495353868207	36.937782246491764	3427.2249348947535
