sub	ses	run	fd_mean	dvars_mean	globalsignal_mean
sub-0069	ses-03	run-01	0.11437744427968269	36.65836168273337	3084.3491169150557
