sub	ses	run	fd_mean	dvars_mean	globalsignal_mean
sub-0060	ses-03	run-01	0.07863993463103719	30.436821330689444	3219.0727823337697
