sub	ses	run	fd_mean	dvars_mean	globalsignal_mean
sub-0088	ses-03	run-01	0.125857115323978	37.35215258511287	3533.207779034988
