sub	ses	run	fd_mean	dvars_mean	globalsignal_mean
sub-0124	ses-03	run-01	0.13378455960134225	34.18654495302013	3752.228410800125
