sub	ses	run	fd_mean	dvars_mean	globalsignal_mean
sub-0008	ses-03	run-01	0.07702562518266248	31.71867242724458	3365.621940299013
