sub	ses	run	fd_mean	dvars_mean	globalsignal_mean
sub-0107	ses-03	run-01	0.10690386032056129	39.092036860890786	3182.427840908803
