sub	ses	run	fd_mean	dvars_mean	globalsignal_mean
sub-0076	ses-03	run-01	0.12144744594996947	37.71367698169615	3879.8251150368565
