sub	ses	run	fd_mean	dvars_mean	globalsignal_mean
sub-0122	ses-03	run-01	0.11207867847046975	36.395673395973155	3881.9902210761024
