sub	ses	run	fd_mean	dvars_mean	globalsignal_mean
sub-0100	ses-03	run-01	0.26235336260481995	46.29620364795608	3515.696678985025
