sub	ses	run	fd_mean	dvars_mean	globalsignal_mean
sub-0090	ses-03	run-01	0.12782113249603413	37.11263469737645	3675.7234688187186
