sub	ses	run	fd_mean	dvars_mean	globalsignal_mean
sub-0026	ses-03	run-01	0.10916997818247674	35.83394960743034	3653.317589719616
