sub	ses	run	fd_mean	dvars_mean	globalsignal_mean
sub-0099	ses-03	run-01	0.15069391814032942	37.47467771568029	3239.912113711716
