sub	ses	run	fd_mean	dvars_mean	globalsignal_mean
sub-0029	ses-03	run-01	0.1143751471908978	40.417671380804954	3570.0182957521993
