sub	ses	run	fd_mean	dvars_mean	globalsignal_mean
sub-0130	ses-03	run-01	0.10606084951665645	34.6868890780964	3174.97672046407
