sub	ses	run	fd_mean	dvars_mean	globalsignal_mean
sub-0082	ses-03	run-01	0.26193402075936545	36.6952742776083	3172.0659586708925
