sub	ses	run	fd_mean	dvars_mean	globalsignal_mean
sub-0109	ses-03	run-01	0.084918812814521	35.19298368822452	3663.8287938574
