sub	ses	run	fd_mean	dvars_mean	globalsignal_mean
sub-0061	ses-03	run-01	0.10855447361589989	31.348427725442345	3216.228858602777
