sub	ses	run	fd_mean	dvars_mean	globalsignal_mean
sub-0075	ses-03	run-01	0.11072887782431967	38.05595504514948	2975.3429539049616
