sub	ses	run	fd_mean	dvars_mean	globalsignal_mean
sub-0095	ses-03	run-01	0.1296357087092373	32.80836568578402	2890.677008906186
