sub	ses	run	fd_mean	dvars_mean	globalsignal_mean
sub-0112	ses-03	run-01	0.15631705019048195	31.13320004514948	3664.6885844312724
