sub	ses	run	fd_mean	dvars_mean	globalsignal_mean
sub-0091	ses-03	run-01	0.2559675436818792	39.92294331116534	3626.0384524287488
