sub	ses	run	fd_mean	dvars_mean	globalsignal_mean
sub-0070	ses-03	run-01	0.16081824765973152	34.917784308114705	3290.3974884121985
