sub	ses	run	fd_mean	dvars_mean	globalsignal_mean
sub-0094	ses-03	run-01	0.15616028339450883	35.80379238438072	3745.9087641703313
