sub	ses	run	fd_mean	dvars_mean	globalsignal_mean
sub-0051	ses-03	run-01	0.2423215089943868	39.744116889566804	4095.231308576785
