sub	ses	run	fd_mean	dvars_mean	globalsignal_mean
sub-0074	ses-03	run-01	0.13399644469188526	35.63190645271507	3066.212041063725
