sub	ses	run	fd_mean	dvars_mean	globalsignal_mean
sub-0010	ses-03	run-01	0.10726957418823525	34.96165259195046	3790.4544309473094
