sub	ses	run	fd_mean	dvars_mean	globalsignal_mean
sub-0116	ses-03	run-01	0.11052288931696154	35.90349461622941	3902.56243104571
