sub	ses	run	fd_mean	dvars_mean	globalsignal_mean
sub-0111	ses-03	run-01	0.11790337026992063	33.563814089078704	4334.2906595533705
