sub	ses	run	fd_mean	dvars_mean	globalsignal_mean
sub-0126	ses-03	run-01	0.1700876822867602	34.2498930152532	3274.4638581567488
