sub	ses	run	fd_mean	dvars_mean	globalsignal_mean
sub-0009	ses-03	run-01	0.07632359877362226	34.92853395603715	3683.139710886742
