sub	ses	run	fd_mean	dvars_mean	globalsignal_mean
sub-0035	ses-03	run-01	0.13601569377364242	38.4022720109823	3402.052007045638
