sub	ses	run	fd_mean	dvars_mean	globalsignal_mean
sub-0073	ses-03	run-01	0.11428260802989625	31.066926548505187	3692.4067435981547
