sub	ses	run	fd_mean	dvars_mean	globalsignal_mean
sub-0077	ses-03	run-01	0.13539481984019522	36.97601449298352	3269.1422197819275
