sub	ses	run	fd_mean	dvars_mean	globalsignal_mean
sub-0129	ses-03	run-01	0.08515822592117141	34.5713865314216	3535.984562491123
