sub	ses	run	fd_mean	dvars_mean	globalsignal_mean
sub-0017	ses-03	run-01	0.20968778138204336	35.11199809721362	4087.045307175017
