sub	ses	run	fd_mean	dvars_mean	globalsignal_mean
sub-0055	ses-03	run-01	0.1464333927791336	40.39479164551556	3339.8294149080384
