sub	ses	run	fd_mean	dvars_mean	globalsignal_mean
sub-0003	ses-03	run-01	0.12837205627118262	39.188760887925696	3409.5318655087563
