sub	ses	run	fd_mean	dvars_mean	globalsignal_mean
sub-0021	ses-03	run-01	0.11706083161027858	36.9921805869969	4364.8053272532825
