sub	ses	run	fd_mean	dvars_mean	globalsignal_mean
sub-0128	ses-01	run-01	0.09934850879570893	33.32287908488805	3742.031768783463
sub-0128	ses-01	run-02	0.09612491927592723	33.819241465454546	3740.283644913899
sub-0128	ses-02	run-01	0.08321855651312646	34.065938137231505	3754.9109832701724
sub-0128	ses-02	run-02	0.09728458589714743	32.64173361194833	3701.9262337778764
sub-0128	ses-02	run-03	0.0992210040276577	32.23461647968885	3752.56373557616
sub-0128	ses-02	run-04	0.09099952816648409	34.55145320591457	3710.0100545614773
sub-0128	ses-03	run-01	0.09306572780167816	33.31883441349481	3625.91426735402
sub-0128	ses-03	run-02	0.12020115560569714	33.03313790329835	3593.6746979111995
sub-0128	ses-03	run-03	0.1005592869823308	32.48123761654135	3600.6319785809824
