sub	ses	run	fd_mean	dvars_mean	globalsignal_mean
sub-0118	ses-01	run-01	0.11061853759029848	33.912178288246274	4033.2370549272027
sub-0118	ses-01	run-02	0.11818049513890905	31.708574913454544	3986.9778050823925
sub-0118	ses-01	run-03	0.14551316428563543	34.454554707389164	3998.88278979543
sub-0118	ses-01	run-04	0.1247100707927152	33.19079363824504	4015.3440728810506
sub-0118	ses-02	run-01	0.2659296536062052	33.82063710381862	3875.7412759959075
sub-0118	ses-02	run-02	0.2056198905096878	34.105403648546826	3888.1370465239493
sub-0118	ses-02	run-03	0.45857342590963845	34.23795041084337	3838.130616881134
