sub	ses	run	fd_mean	dvars_mean	globalsignal_mean
sub-0085	ses-01	run-01	0.1325271255783582	33.96702121175373	3356.5922414294937
sub-0085	ses-01	run-02	0.1372573982176727	33.95437730690909	3373.323931129741
sub-0085	ses-01	run-03	0.164091991546798	34.77188722660099	3334.907272799419
sub-0085	ses-02	run-01	0.1536668165824582	33.75093382935561	3482.7807597850365
sub-0085	ses-02	run-02	0.14031981512755648	35.2661198153929	3456.5745205013877
sub-0085	ses-02	run-03	0.12629799399481415	36.82256213137424	3467.2470528770145
sub-0085	ses-02	run-04	0.147860411005805	34.22702766812705	3483.236221384707
