sub	ses	run	fd_mean	dvars_mean	globalsignal_mean
sub-0030	ses-01	run-01	0.11040272320522383	38.8940348358209	3082.1438255241005
sub-0030	ses-01	run-02	0.15836810778181812	34.521453448	3067.824379323523
sub-0030	ses-01	run-03	0.11414641763862066	39.58544328374384	3071.5476084330303
sub-0030	ses-01	run-04	0.11343698212599333	37.97071881291391	3070.653138612662
