sub	ses	run	fd_mean	dvars_mean	globalsignal_mean
sub-0120	ses-01	run-01	0.11170401913712684	38.3609369897388	3475.4573427488654
sub-0120	ses-01	run-02	0.15074772306879997	40.38221443927273	3478.4567101354382
sub-0120	ses-01	run-03	0.13694206446896545	39.79158339310345	3459.6614221489194
sub-0120	ses-01	run-04	0.11432908649950327	43.507417121688746	3456.4466502619975
