sub	ses	run	fd_mean	dvars_mean	globalsignal_mean
sub-0015	ses-01	run-01	0.49245089452145513	39.9532972630597	2615.5141330936417
sub-0015	ses-01	run-02	0.6094479237186908	44.76218880145455	2630.528657319939
sub-0015	ses-01	run-03	0.6503870538719211	47.99075228768473	2529.977825043011
sub-0015	ses-01	run-04	0.680156786539735	50.41551290645695	2541.9747565400016
