sub	ses	run	fd_mean	dvars_mean	globalsignal_mean
sub-0047	ses-01	run-01	0.08547558940279848	38.91649351119403	4035.054946655398
sub-0047	ses-01	run-02	0.09859351953330907	38.47154602109091	4016.1074465993875
sub-0047	ses-01	run-03	0.09703778138522164	34.93637096256157	4008.4807816344082
sub-0047	ses-01	run-04	0.09170562237582777	33.05666328311258	3999.1069115242535
