sub	ses	run	fd_mean	dvars_mean	globalsignal_mean
sub-0071	ses-01	run-01	0.13521738481604473	39.953505217350745	3313.1544512552828
sub-0071	ses-01	run-02	0.14867803468186178	41.28313379781818	3322.2773438956033
sub-0071	ses-01	run-03	0.13765186739408863	40.68410670935961	3344.248514866289
sub-0071	ses-01	run-04	0.13357248051605955	40.4342014321192	3322.668613862957
