sub	ses	run	fd_mean	dvars_mean	globalsignal_mean
sub-0114	ses-01	run-01	0.13153149858143653	43.87152844123134	3705.116592508763
sub-0114	ses-01	run-02	0.13170465513090907	41.72358589527273	3687.8920156448485
sub-0114	ses-01	run-03	0.15407535664512315	42.102228515270944	3692.066769970995
sub-0114	ses-01	run-04	0.12985567447019863	38.778280206953646	3686.606202680632
sub-0114	ses-02	run-01	0.14027641566193313	35.92111038902148	3812.993852080326
sub-0114	ses-02	run-02	0.13598428840021526	42.45155972658773	3814.2253039277575
sub-0114	ses-02	run-03	0.12944875332670697	38.30986237770095	3809.1652385958764
sub-0114	ses-02	run-04	0.1405486426306681	41.74847930887185	3812.727663988231
