sub	ses	run	fd_mean	dvars_mean	globalsignal_mean
sub-0028	ses-01	run-01	0.07369767399853543	33.32519102798508	3442.549736963305
