sub	ses	run	fd_mean	dvars_mean	globalsignal_mean
sub-0068	ses-01	run-01	0.11848165306343279	38.184538134328356	3699.2723195605417
sub-0068	ses-01	run-02	0.1267336160334545	39.31965648218182	3674.915859024697
sub-0068	ses-01	run-03	0.14215510224315267	40.35490181182266	3675.2008888291543
sub-0068	ses-01	run-04	1.6915249970588235	69.76247335294117	3702.3762429068406
