sub	ses	run	fd_mean	dvars_mean	globalsignal_mean
sub-0119	ses-01	run-01	0.14876587340401115	32.12734362126866	3589.423322456909
sub-0119	ses-01	run-02	0.12454771510719996	31.95195638472727	3615.935471258556
sub-0119	ses-01	run-03	0.14101934947605907	34.1354885320197	3620.8550275010984
sub-0119	ses-01	run-04	0.13321577863294698	33.873845075331126	3597.8541169478317
