sub	ses	run	fd_mean	dvars_mean	globalsignal_mean
sub-0094	ses-01	run-01	0.11031300196082086	34.17563629850746	3339.2243274467783
sub-0094	ses-01	run-02	0.10777567313396358	34.62061000290909	3327.4231237985227
sub-0094	ses-01	run-03	0.11024079893694577	34.81715250738916	3345.661606649112
sub-0094	ses-01	run-04	0.12109559625819533	35.28950657450331	3319.4310886911157
sub-0094	ses-03	run-01	0.12121574618299304	37.35721128546712	3751.2993738018413
sub-0094	ses-03	run-02	0.10572098961709143	37.598965218890555	3757.840742276332
sub-0094	ses-03	run-03	0.12492933025827063	36.18577822838346	3760.748070481075
sub-0094	ses-04	run-01	0.15541604140882692	39.081945900116146	3449.8124198171336
sub-0094	ses-04	run-02	0.17167843192648646	41.774625572972965	3465.598741802002
