sub	ses	run	fd_mean	dvars_mean	globalsignal_mean
sub-0039	ses-01	run-01	0.12626019519160447	34.840911742537315	3708.8344417716776
sub-0039	ses-01	run-02	0.13055211352072724	34.36568196363636	3689.1544174447813
sub-0039	ses-02	run-01	0.12875765499773265	37.18900534606205	3525.6445945000814
sub-0039	ses-02	run-02	0.11285717512362752	35.03285199031216	3539.887957462619
sub-0039	ses-02	run-03	0.1141476542523768	34.29222513310285	3557.8769113715152
sub-0039	ses-02	run-04	0.12442888956709744	33.28890370427163	3568.2891654707482
sub-0039	ses-04	run-01	0.12218563861097075	35.70149197474349	3440.893771633588
sub-0039	ses-04	run-02	0.11907078865037835	37.00497978594595	3464.8899631936038
