sub	ses	run	fd_mean	dvars_mean	globalsignal_mean
sub-0064	ses-01	run-01	0.12197286505410443	31.537136930970153	3705.9228734674516
sub-0064	ses-01	run-02	0.12603516865112724	32.588548834181815	3703.1385723975022
sub-0064	ses-01	run-03	0.10081788420965514	32.095448518226604	3672.6664166726
sub-0064	ses-01	run-04	0.11266115893129136	32.017186001655624	3681.2381816532197
sub-0064	ses-04	run-01	0.13693110526014204	33.466751228887134	3617.633366917013
sub-0064	ses-04	run-02	0.11351852966810808	35.44132883351351	3639.379111041042
