sub	ses	run	fd_mean	dvars_mean	globalsignal_mean
sub-0117	ses-01	run-01	0.1431890621923507	43.313691385261194	4170.093021561084
sub-0117	ses-01	run-02	0.15135706634341814	43.05144132072727	4190.479770867404
sub-0117	ses-01	run-03	0.10027653015073887	45.23188223645321	4152.050828513239
sub-0117	ses-01	run-04	0.14756424998284762	43.84810253476821	4147.355467143617
