sub	ses	run	fd_mean	dvars_mean	globalsignal_mean
sub-0034	ses-01	run-01	0.13444088524253728	40.916123694962685	3520.976849461846
sub-0034	ses-01	run-02	0.24202526622527124	39.18243834109091	3527.7626395712323
sub-0034	ses-01	run-03	0.1836289199864039	38.51365576650246	3496.0084206771066
sub-0034	ses-01	run-04	0.17813607147003307	38.830529052152315	3525.0852782399556
