sub	ses	run	fd_mean	dvars_mean	globalsignal_mean
sub-0097	ses-01	run-01	0.12677472766147382	33.441659467350746	3475.8557726428526
sub-0097	ses-01	run-02	0.1308688457585454	34.71387246181818	3511.9290082945736
sub-0097	ses-01	run-03	0.11594380693743839	36.173116271921174	3505.229062109203
sub-0097	ses-01	run-04	0.10642555566970195	38.54656322516556	3478.628644692865
