sub	ses	run	fd_mean	dvars_mean	globalsignal_mean
sub-0123	ses-01	run-01	0.10555513081156713	31.708927157649253	3358.933546008985
sub-0123	ses-01	run-02	0.09964115962443632	32.22290946836363	3330.004550548104
sub-0123	ses-01	run-03	0.1468791717428571	32.39776318719212	3392.9548092769232
sub-0123	ses-01	run-04	0.14954017184602644	31.188537932119203	3366.96644194324
sub-0123	ses-02	run-01	0.11195097230883051	40.9967602326969	3651.2505445765837
sub-0123	ses-02	run-02	0.09972660975457477	36.641099757265884	3649.6992113724054
sub-0123	ses-02	run-03	0.11633132691356954	33.437595750216076	3650.858292528158
sub-0123	ses-02	run-04	0.09569638968258484	35.66095570865279	3627.898356602987
