sub	ses	run	fd_mean	dvars_mean	globalsignal_mean
sub-0041	ses-01	run-01	0.12603197265634325	40.08347570149254	3371.2195327572326
sub-0041	ses-01	run-02	0.09216513786283634	35.355690079272726	3306.8040668167264
sub-0041	ses-01	run-03	0.12242561115507385	37.754130610837436	3343.0126731315277
sub-0041	ses-03	run-01	0.11329868537560552	37.67609987802768	3638.3239529234233
sub-0041	ses-03	run-02	0.1377651180293103	33.73758778335832	3658.782018052551
sub-0041	ses-03	run-03	0.11559409749812026	36.88707377631579	3652.5500356126436
