sub	ses	run	fd_mean	dvars_mean	globalsignal_mean
sub-0078	ses-02	run-01	0.10156502290032854	36.457830124863094	3228.328265420949
sub-0078	ses-02	run-02	0.10258061479036142	36.90549415115005	3229.7607878110803
sub-0078	ses-02	run-03	0.10179047653625407	34.36677592332968	3206.458068259667
