sub	ses	run	fd_mean	dvars_mean	globalsignal_mean
sub-0055	ses-02	run-01	0.139289645143483	42.932687092004386	3001.684880393854
sub-0055	ses-02	run-02	0.14186555209419496	38.93518796385542	3017.6211145869875
sub-0055	ses-02	run-03	0.1506002242407448	37.87180710624315	3023.250745770507
