sub	ses	run	fd_mean	dvars_mean	globalsignal_mean
sub-0006	ses-02	run-01	0.252400405694414	37.01882971303396	3374.3636393929546
sub-0006	ses-02	run-02	0.2676394006943264	37.328664723986854	3376.3318370661736
sub-0006	ses-02	run-03	0.3717538360503833	35.795111872946336	3350.6227745083456
