sub	ses	run	fd_mean	dvars_mean	globalsignal_mean
sub-0086	ses-02	run-01	0.10975302157261771	34.18912680065718	3629.2379824562277
sub-0086	ses-02	run-02	0.13095889195728364	35.259013199342824	3649.7147855821545
sub-0086	ses-02	run-03	0.1334489677042716	32.22251646330778	3585.852103659034
