sub	ses	run	fd_mean	dvars_mean	globalsignal_mean
sub-0091	ses-02	run-01	0.23101800050186197	42.46520536035049	3832.4921452698677
sub-0091	ses-02	run-02	0.2673922502519167	40.93008936254107	3816.230765406136
sub-0091	ses-02	run-03	0.27934089248192767	41.286520555312165	3786.424663104342
