sub	ses	run	fd_mean	dvars_mean	globalsignal_mean
sub-0070	ses-02	run-01	0.1689098984322015	35.55787672727273	3300.7697731708904
sub-0070	ses-02	run-02	0.1718675327382256	38.42862809419496	3306.450272730472
sub-0070	ses-02	run-03	0.1741573371785323	38.518292947426076	3306.5193629252826
