sub	ses	run	fd_mean	dvars_mean	globalsignal_mean
sub-0088	ses-02	run-01	0.14175028969989042	35.65665802409638	3553.7009205326103
sub-0088	ses-02	run-02	0.1392239372824753	34.990814686746994	3586.3503409775963
sub-0088	ses-02	run-03	0.13016326584490684	34.8956870109529	3568.6667568971666
