sub	ses	run	fd_mean	dvars_mean	globalsignal_mean
sub-0014	ses-02	run-01	0.08780799479518069	42.060855249726174	3377.2932015260244
sub-0014	ses-02	run-02	0.08237600477244246	44.05969264184009	3339.075368182691
sub-0014	ses-02	run-03	0.07847670973719602	42.957324132530125	3337.838672566295
