sub	ses	run	fd_mean	dvars_mean	globalsignal_mean
sub-0004	ses-02	run-01	0.10731570334715022	37.088299310880835	3613.7940295305652
sub-0004	ses-02	run-02	0.09014123888477542	35.47457974589266	4040.496725019947
sub-0004	ses-02	run-03	0.09258721304090904	32.6065118422782	3978.980819908639
