sub	ses	run	fd_mean	dvars_mean	globalsignal_mean
sub-0109	ses-02	run-01	0.11002560268076667	35.227338190580504	3932.454203973887
sub-0109	ses-02	run-02	0.09375503481401967	34.391083895947425	3977.3331634794686
sub-0109	ses-02	run-03	0.09600504458707554	34.787730440306674	3957.5070928467644
