sub	ses	run	fd_mean	dvars_mean	globalsignal_mean
sub-0058	ses-02	run-01	0.09660311103154431	37.822817238773276	2845.0593817661415
sub-0058	ses-02	run-02	0.11789233278378966	37.53158546878423	2869.4530150845017
sub-0058	ses-02	run-03	0.12452827390558595	37.11691435158817	2866.48960134004
