sub	ses	run	fd_mean	dvars_mean	globalsignal_mean
sub-0092	ses-02	run-01	0.12456421623220149	33.71208282365827	3464.589705323706
sub-0092	ses-02	run-02	0.1360723236582694	31.798594782037245	3473.814423160869
sub-0092	ses-02	run-03	0.14572778607667028	37.752398278203714	3503.9813643916086
