sub	ses	run	fd_mean	dvars_mean	globalsignal_mean
sub-0090	ses-02	run-01	0.14972460178849942	36.94810217743702	4055.578394081823
sub-0090	ses-02	run-02	0.1326489879314348	37.512607691128146	4034.154732407465
sub-0090	ses-02	run-03	0.12463167212113907	35.681733411829136	4052.9657148653205
