sub	ses	run	fd_mean	dvars_mean	globalsignal_mean
sub-0003	ses-02	run-01	0.09060929056396491	37.4473432573932	3253.770560441845
sub-0003	ses-02	run-02	0.09883011391237674	32.64865649288061	3251.2481502388123
sub-0003	ses-02	run-03	0.10147157885477542	35.72352755640745	3265.6305811372504
