sub	ses	run	fd_mean	dvars_mean	globalsignal_mean
sub-0122	ses-02	run-01	0.09911146048565166	36.87606352573932	3954.7425130277743
sub-0122	ses-02	run-02	0.12248725070646219	35.88230997152245	3955.829771105351
sub-0122	ses-02	run-03	0.10191809837261771	36.60483759255202	3960.3621821480974
