sub	ses	run	fd_mean	dvars_mean	globalsignal_mean
sub-0114	ses-02	run-01	0.1643336490293537	44.43201723220154	3820.1948425672163
sub-0114	ses-02	run-02	0.1550490236801752	47.5197561577218	3840.077305526548
sub-0114	ses-02	run-03	0.15631320240525737	35.78382997261774	3772.169560057726
