sub	ses	run	fd_mean	dvars_mean	globalsignal_mean
sub-0098	ses-02	run-01	0.21079740514567355	34.00111597480833	4278.13815514952
sub-0098	ses-02	run-02	0.12812293965388824	33.02709885980285	4345.501529987625
sub-0098	ses-02	run-03	0.1497832751213581	32.82499462212486	4294.267410905022
