sub	ses	run	fd_mean	dvars_mean	globalsignal_mean
sub-0050	ses-02	run-01	0.12716798750492878	37.50346008871851	3413.4108370610593
sub-0050	ses-02	run-02	0.12155382353349395	44.1050444611172	3466.109254910522
sub-0050	ses-02	run-03	0.13569206044074475	43.19740027601315	3468.2396205481878
