sub	ses	run	fd_mean	dvars_mean	globalsignal_mean
sub-0032	ses-02	run-01	0.15396804472912373	38.35035440744797	3061.6721828567397
sub-0032	ses-02	run-02	0.20162112062015328	38.03266443263965	3039.672418729932
sub-0032	ses-02	run-03	0.15957139155881706	37.940660618839	3008.4677647602302
