sub	ses	run	fd_mean	dvars_mean	globalsignal_mean
sub-0002	ses-02	run-01	0.3534576756736034	35.999066685651705	3079.059352899579
sub-0002	ses-02	run-02	0.2472804366714129	32.499542706462215	3136.356907090126
sub-0002	ses-02	run-03	0.13204477744249724	33.388057295728366	3089.404642153097
