sub	ses	run	fd_mean	dvars_mean	globalsignal_mean
sub-0130	ses-02	run-01	0.08132219314455637	37.51648509309967	3408.194260360356
sub-0130	ses-02	run-02	0.09817702344501639	33.878112365826944	3416.7366388395203
sub-0130	ses-02	run-03	0.09767965456297915	33.359861131434826	3418.7671864552076
