sub	ses	run	fd_mean	dvars_mean	globalsignal_mean
sub-0083	ses-02	run-01	0.06795693611434826	37.64078148740417	3626.179310313345
sub-0083	ses-02	run-02	0.08008352237130335	35.93299345235487	3593.063032443118
sub-0083	ses-02	run-03	0.08034687822672505	34.76837916757941	3577.607962263108
