sub	ses	run	fd_mean	dvars_mean	globalsignal_mean
sub-0076	ses-02	run-01	0.1291734738200438	38.66365413143483	3582.528715467207
sub-0076	ses-02	run-02	0.11064061425739319	40.40668776670318	3589.4494208472097
sub-0076	ses-02	run-03	0.1298799266812705	39.07895644140197	3574.039175603128
