sub	ses	run	fd_mean	dvars_mean	globalsignal_mean
sub-0079	ses-02	run-01	0.1534512387374589	39.52375156626506	3650.5820520944008
sub-0079	ses-02	run-02	0.1131959304446878	36.470698101862	3690.1909663126
sub-0079	ses-02	run-03	0.21689890632420586	37.851880131434825	3665.935797418033
