sub	ses	run	fd_mean	dvars_mean	globalsignal_mean
sub-0100	ses-02	run-01	0.24874774378488496	39.946461378970426	4204.065536224528
sub-0100	ses-02	run-02	0.26415119686243155	40.09867283789705	4168.058995437896
sub-0100	ses-02	run-03	0.28303438173165385	39.793857415115006	4176.333088412703
