sub	ses	run	fd_mean	dvars_mean	globalsignal_mean
sub-0057	ses-02	run-01	0.12181085653285868	36.1250458094195	2806.8090474087035
sub-0057	ses-02	run-02	0.10467095555925518	37.74210160898138	2809.439688259059
sub-0057	ses-02	run-03	0.09459561639211386	41.3769549539978	2806.344247702889
