sub	ses	run	fd_mean	dvars_mean	globalsignal_mean
sub-0005	ses-02	run-01	0.10035172181577214	32.08707036254107	3828.4592726678593
sub-0005	ses-02	run-02	0.09063410963833511	36.045373753559694	3847.6115386569854
sub-0005	ses-02	run-03	0.11253948954151147	46.49940427710843	3849.42502292771
