sub	ses	run	fd_mean	dvars_mean	globalsignal_mean
sub-0060	ses-02	run-01	0.09425271015158813	30.517691696604604	3213.855169616513
sub-0060	ses-02	run-02	0.07687951238773273	31.54546822124863	3216.3080705103425
sub-0060	ses-02	run-03	0.07537167520854322	31.673221276013148	3218.8866099474244
