sub	ses	run	fd_mean	dvars_mean	globalsignal_mean
sub-0051	ses-02	run-01	0.3000224552876232	41.22480599780942	4253.110283160593
sub-0051	ses-02	run-02	0.3360333044359255	40.50441218729463	4273.86396358318
sub-0051	ses-02	run-03	0.31838403188937564	40.65652596495071	4204.892277002659
