sub	ses	run	fd_mean	dvars_mean	globalsignal_mean
sub-0077	ses-02	run-01	0.13182406814457825	42.39146859802848	3024.1374327171875
sub-0077	ses-02	run-02	0.1262478777967141	46.52160060898138	3036.452678376643
sub-0077	ses-02	run-03	0.12307877968302297	44.79428311281489	3022.305047446939
