sub	ses	run	fd_mean	dvars_mean	globalsignal_mean
sub-0118	ses-02	run-01	0.14703787710032856	31.4563336067908	3880.49901939662
sub-0118	ses-02	run-02	0.1439538607239868	32.49473888061336	3874.903231426673
sub-0118	ses-02	run-03	0.18763971451040523	34.01351775027382	3851.967645532697
