sub	ses	run	fd_mean	dvars_mean	globalsignal_mean
sub-0061	ses-02	run-01	0.12634571252858703	33.29927360131435	3476.5915967708215
sub-0061	ses-02	run-02	0.14382993383504925	34.613794935377875	3497.087654197679
sub-0061	ses-02	run-03	0.12621528944777652	33.77840217524644	3484.641366895492
