sub	ses	run	fd_mean	dvars_mean	globalsignal_mean
sub-0102	ses-02	run-01	0.17457196351577212	33.64695829463308	3516.771216217821
sub-0102	ses-02	run-02	0.19494784651150052	34.32244944140197	3479.0649770005684
sub-0102	ses-02	run-03	0.13038722632639646	35.303364019715225	3540.532893532
