sub	ses	run	fd_mean	dvars_mean	globalsignal_mean
sub-0011	ses-02	run-01	0.08683940033143478	33.441030949616646	3372.316266159329
sub-0011	ses-02	run-02	0.09746100706681267	33.294435889375684	3373.521596024084
sub-0011	ses-02	run-03	0.07316635220679077	33.65789407886089	3387.2335292002936
