sub	ses	run	fd_mean	dvars_mean	globalsignal_mean
sub-0127	ses-02	run-01	0.1772055039967141	35.40270235377875	3907.2077855558755
sub-0127	ses-02	run-02	0.30387889576889376	36.050395007667035	3882.077840822441
sub-0127	ses-02	run-03	0.14528977281489588	36.08144904600219	3916.859195311667
