sub	ses	run	fd_mean	dvars_mean	globalsignal_mean
sub-0069	ses-02	run-01	0.09707507061577213	36.15722934063527	3069.081373218383
sub-0069	ses-02	run-02	0.11447191003323107	38.79408423877328	3063.1930161824284
sub-0069	ses-02	run-03	0.13318285183373488	35.852089812705366	3046.376655257895
