sub	ses	run	fd_mean	dvars_mean	globalsignal_mean
sub-0033	ses-02	run-01	0.11087380763198244	36.519199791894856	3301.367942989053
sub-0033	ses-02	run-02	0.12297036097371299	33.56510011719606	3307.9918533971563
sub-0033	ses-02	run-03	0.1262618394676889	40.303483763417304	3297.6237253362337
