sub	ses	run	fd_mean	dvars_mean	globalsignal_mean
sub-0025	ses-02	run-01	0.295044685947426	42.05841496056955	3227.1800864795514
sub-0025	ses-02	run-02	0.13059841901888278	41.178578934282584	3245.2826778885715
sub-0025	ses-02	run-03	0.164425427353012	39.3342866856517	3230.9936674042046
