sub	ses	run	fd_mean	dvars_mean	globalsignal_mean
sub-0074	ses-02	run-01	0.14385259078641835	35.5203253373494	3314.179173561092
sub-0074	ses-02	run-02	0.1557559378834611	38.069844334063525	3313.95747113345
sub-0074	ses-02	run-03	0.1433139416582694	36.997569341730554	3320.053301770882
