sub	ses	run	fd_mean	dvars_mean	globalsignal_mean
sub-0021	ses-02	run-01	0.17132313694304488	38.91788123767798	3901.6037305876725
sub-0021	ses-02	run-02	0.17528867872993423	38.61056536363637	3859.6456436263215
sub-0021	ses-02	run-03	0.16425052771610069	37.170027604600214	3850.886993831694
