sub	ses	run	fd_mean	dvars_mean	globalsignal_mean
sub-0126	ses-02	run-01	0.1765735392880613	35.55937977875137	3186.930440661198
sub-0126	ses-02	run-02	0.2171885381756845	36.797679129244244	3181.7932850778025
sub-0126	ses-02	run-03	0.19943773129090903	36.146304795180725	3184.6820087286
