sub	ses	run	fd_mean	dvars_mean	globalsignal_mean
sub-0037	ses-02	run-01	0.1250952760993428	38.9728054939759	3095.6845535137995
sub-0037	ses-02	run-02	0.12180284165169768	39.546518334063535	3095.2119259081906
sub-0037	ses-02	run-03	0.11958240970416208	38.830527958378966	3105.46514048634
