sub	ses	run	fd_mean	dvars_mean	globalsignal_mean
sub-0043	ses-02	run-01	0.13083276193975898	35.15211598795181	3790.908826593953
sub-0043	ses-02	run-02	0.1341017940613362	35.237929192771084	3754.7423966590864
sub-0043	ses-02	run-03	0.11962871528591455	34.6115415279299	3748.7599473335135
