sub	ses	run	fd_mean	dvars_mean	globalsignal_mean
sub-0087	ses-02	run-01	0.13452387065498353	36.94146260460022	3444.999130079111
sub-0087	ses-02	run-02	0.1586750866812705	35.96849552026287	3460.2896813797424
sub-0087	ses-02	run-03	0.1666641314676889	34.72887185104052	3477.3160319582457
