sub	ses	run	fd_mean	dvars_mean	globalsignal_mean
sub-0104	ses-02	run-01	0.10709747434173052	33.52206661993428	3539.4522212500146
sub-0104	ses-02	run-02	0.1030376178729463	33.09758055640744	3574.558615732523
sub-0104	ses-02	run-03	0.10550769960021904	34.57119308214677	3573.509903664469
