sub	ses	run	fd_mean	dvars_mean	globalsignal_mean
sub-0038	ses-02	run-01	0.1046778467220153	34.796836595837895	3284.0451266933546
sub-0038	ses-02	run-02	0.11841059019934279	34.3546776067908	3287.373214773083
sub-0038	ses-02	run-03	0.11664791352179624	34.12930887842278	3261.613871299409
