sub	ses	run	fd_mean	dvars_mean	globalsignal_mean
sub-0085	ses-02	run-01	0.14569741014928803	36.894356778751366	3449.619050914981
sub-0085	ses-02	run-02	0.17090058850383347	37.09136819386638	3452.241341209372
sub-0085	ses-02	run-03	0.17851910166703175	35.4243522464403	3500.5170511892634
