sub	ses	run	fd_mean	dvars_mean	globalsignal_mean
sub-0089	ses-02	run-01	0.11377429054852131	37.99827423986857	3368.4158683103415
sub-0089	ses-02	run-02	0.11005495029923326	37.94691333844469	3376.7566801984976
sub-0089	ses-02	run-03	0.12308343110405255	37.11338252573932	3362.6717185703114
