sub	ses	run	fd_mean	dvars_mean	globalsignal_mean
sub-0093	ses-02	run-01	0.13845216208105143	33.257321972617746	3462.305146051328
sub-0093	ses-02	run-02	0.14122937055859797	34.48033376779846	3429.9750841708756
sub-0093	ses-02	run-03	0.1753155783329682	35.59425917305586	3432.6033725157804
