sub	ses	run	fd_mean	dvars_mean	globalsignal_mean
sub-0026	ses-02	run-01	0.09924613241292438	33.5715872584885	3938.012496576683
sub-0026	ses-02	run-02	0.12632898501095285	35.152323971522456	3896.7709952514406
sub-0026	ses-02	run-03	0.11732630481555308	36.25591585870756	3921.694374146223
