sub	ses	run	fd_mean	dvars_mean	globalsignal_mean
sub-0116	ses-02	run-01	0.13285109968236578	37.37160868893758	3703.932293537059
sub-0116	ses-02	run-02	0.153736217173713	34.773594271631985	3704.863764381786
sub-0116	ses-02	run-03	0.15124505456167248	40.136668955865275	3699.241813071742
