sub	ses	run	fd_mean	dvars_mean	globalsignal_mean
sub-0082	ses-01	run-01	0.24184396876543204	39.80395871604939	3153.140811199602
sub-0082	ses-01	run-02	0.23288537717566013	37.42106810103329	3168.406442793036
sub-0082	ses-01	run-03	0.29095507771871415	38.473707065442014	3121.6855160279947
sub-0082	ses-03	run-01	0.25465970487026407	40.61876382778415	3214.9832409032033
sub-0082	ses-03	run-02	0.22133091037703784	38.090253053960964	3230.0787771287014
sub-0082	ses-03	run-03	0.20218204624684266	32.32053585189438	3107.43851696649
sub-0082	ses-03	run-04	0.37491781799081514	38.18377587026406	3227.835882573662
sub-0082	ses-03	run-05	0.40256554968863373	40.99993681056257	3156.749129771804
sub-0082	ses-03	run-06	0.3621895122418599	40.117431622273244	3204.8549847134004
