sub	ses	run	fd_mean	dvars_mean	globalsignal_mean
sub-0114	ses-01	run-01	0.11190442644280134	41.78410082548794	3684.1086296830636
sub-0114	ses-01	run-02	0.11533226801481052	37.735453461538455	3682.350190303834
sub-0114	ses-01	run-03	0.13501056814121695	39.64263427439724	3675.837383689035
sub-0114	ses-01	run-04	0.18130698857738228	38.60595385533869	3688.128446191382
sub-0114	ses-01	run-05	0.15396189817972442	42.84131254649828	3710.1764317756083
sub-0114	ses-01	run-06	0.1601303582319173	44.092727892078074	3647.21898291293
