sub	ses	run	fd_mean	dvars_mean	globalsignal_mean
sub-0034	ses-01	run-01	0.11769695420665897	38.85532650172216	3525.581959641229
sub-0034	ses-01	run-02	0.12552958761324912	39.94681776578645	3533.282400944972
sub-0034	ses-01	run-03	0.15081756825487944	36.341362873708384	3507.3288002768804
sub-0034	ses-01	run-04	0.1774134311680826	40.10565741331802	3516.9188460927035
sub-0034	ses-01	run-05	0.15610947706923076	40.07095496096441	3514.759651750765
sub-0034	ses-01	run-06	0.22309474172146956	39.78796372675086	3532.591790464786
