sub	ses	run	fd_mean	dvars_mean	globalsignal_mean
sub-0075	ses-01	run-01	0.10930185353088402	38.86364880022962	2978.750357402638
sub-0075	ses-01	run-02	0.09259437274649825	36.7152177967853	2977.531901898028
sub-0075	ses-01	run-03	0.0931611475623421	38.12022683122847	2967.4872761156507
sub-0075	ses-01	run-04	0.09414910554236505	42.619192473019524	2934.5260699606574
sub-0075	ses-03	run-01	0.12867585367508608	37.85538631917336	2979.139948821729
sub-0075	ses-03	run-03	0.11725247631331799	37.84665379219288	2981.6541600621335
sub-0075	ses-03	run-04	0.10733799477623417	36.0872864087256	2956.5290812697363
sub-0075	ses-03	run-06	0.11178459038920775	35.82655829391504	2967.7670632603413
