sub	ses	run	fd_mean	dvars_mean	globalsignal_mean
sub-0068	ses-01	run-01	0.1351924213239954	39.73308292078072	3674.6012744795967
sub-0068	ses-01	run-02	0.1418757886365097	38.386415392652125	3664.418528262097
sub-0068	ses-01	run-03	0.11976881728587828	38.840174129735935	3680.584847382577
sub-0068	ses-01	run-04	0.11403511910482203	39.71021758783009	3659.342393375032
sub-0068	ses-01	run-05	0.12818412176785302	38.114697065442016	3676.8347837500714
sub-0068	ses-01	run-06	0.10653633298277838	40.32888040987371	3659.178899646835
