sub	ses	run	fd_mean	dvars_mean	globalsignal_mean
sub-0015	ses-01	run-01	0.19043748274741673	39.58409996440873	2657.1015608632133
sub-0015	ses-01	run-02	0.19983405806073476	36.67869717336395	2626.054913047904
sub-0015	ses-01	run-03	0.1904787793295063	34.929556699196326	2612.796140279487
sub-0015	ses-01	run-04	0.42410353137198614	41.551637639494835	2640.673416617995
sub-0015	ses-01	run-05	0.25858760805740527	38.461368291618825	2593.857292967846
sub-0015	ses-01	run-06	0.5231283680562573	43.0577801239954	2575.8712188587374
