sub	ses	run	fd_mean	dvars_mean	globalsignal_mean
sub-0063	ses-01	run-01	0.26476636824799077	36.81266839035592	3476.420071245361
