sub	ses	run	fd_mean	dvars_mean	globalsignal_mean
sub-0119	ses-01	run-01	0.12509492880941442	33.86820195177956	3617.037905681829
sub-0119	ses-01	run-02	0.106056733274225	33.006708092996554	3612.687969171831
sub-0119	ses-01	run-03	0.1188814441504018	31.135024815154996	3641.589780083698
sub-0119	ses-01	run-04	0.1494248024179104	31.604836308840408	3602.190558228788
sub-0119	ses-01	run-05	0.13362850305878296	31.48420153846154	3580.50942203825
sub-0119	ses-01	run-06	0.15768745010103324	32.5961998989667	3583.3928351481345
