sub	ses	run	fd_mean	dvars_mean	globalsignal_mean
sub-0118	ses-01	run-01	0.26174673667508613	34.42185734902411	3992.7145505703916
sub-0118	ses-01	run-02	0.19359037656808264	35.40299431687715	3989.861360028586
sub-0118	ses-01	run-03	0.2373157221331802	34.47140703444317	3992.331385457331
sub-0118	ses-01	run-04	0.10148460393295058	35.21438325947187	4030.3054132741795
sub-0118	ses-01	run-05	0.18810112094718712	31.999960788748563	4000.120634146721
sub-0118	ses-01	run-06	0.10574544984638343	32.06732090355913	4024.9380725836522
