sub	ses	run	fd_mean	dvars_mean	globalsignal_mean
sub-0001	ses-01	run-01	0.09093296129694704	34.64374514993216	3272.449681311933
sub-0001	ses-01	run-02	0.11365275192978286	38.02277834938942	3250.0829231927873
sub-0001	ses-01	run-03	0.1556151978890699	32.87978055057705	3242.15375248573
sub-0001	ses-04	run-01	0.13784496351342046	33.79065502064694	3202.792663776134
sub-0001	ses-04	run-02	0.13158355189620077	35.11316311668928	3202.0651044765027
sub-0001	ses-04	run-03	0.1150229527042062	33.386059911804615	3217.498151720552
