sub	ses	run	fd_mean	dvars_mean	globalsignal_mean
sub-0047	ses-01	run-01	0.09381273071136621	33.10624925143514	3999.385031549512
sub-0047	ses-01	run-02	0.09058058889667045	34.68496815614236	4012.1075034283167
sub-0047	ses-01	run-03	0.09397235692399537	37.13019641446613	4002.763479600245
sub-0047	ses-01	run-04	0.09626806351848446	36.230182094144666	3983.954177475893
sub-0047	ses-01	run-05	0.09330544740482201	35.94369547646384	3988.0474433520144
sub-0047	ses-01	run-06	0.1100877640059701	35.30433615040184	3991.5425352635293
