sub	ses	run	fd_mean	dvars_mean	globalsignal_mean
sub-0123	ses-01	run-01	0.10808307394029847	34.958014545350174	3263.9824771815543
sub-0123	ses-01	run-02	0.132652386491504	35.61470876234213	3279.664096867091
sub-0123	ses-01	run-03	0.1109385339701492	33.13082221928818	3309.3965636037265
sub-0123	ses-01	run-04	0.11812554387106769	33.538957497129736	3353.918330395327
sub-0123	ses-01	run-05	0.19575224883582085	33.31126498851894	3347.739434320635
sub-0123	ses-01	run-06	0.1538817763949483	31.243529277841564	3308.148129305973
