sub	ses	run	fd_mean	dvars_mean	globalsignal_mean
sub-0071	ses-01	run-01	0.10082317734902409	40.11255630884042	3291.093700144692
sub-0071	ses-01	run-02	0.12252266729540479	39.51532269584245	3305.19058847503
sub-0071	ses-01	run-03	0.1277012840333065	41.07320505051665	3311.846895411113
sub-0071	ses-01	run-04	0.13524700488863373	37.015935901262914	3236.219329853398
sub-0071	ses-01	run-06	0.15022400879219283	38.383955665901254	3311.243276610584
