sub	ses	run	fd_mean	dvars_mean
sub-0028	ses-01	run-01	0.1055168510776119	31.4046981836969
sub-0028	ses-01	run-02	0.09045136499471867	33.805773701492534
sub-0028	ses-01	run-03	0.10837103101262911	34.02233320091848
sub-0028	ses-01	run-04	0.13081918501492532	31.998180306544203
sub-0028	ses-01	run-05	0.12187079948909296	32.32560586107922
sub-0028	ses-01	run-06	0.07906738180438573	32.83643759816303
