sub	ses	run	fd_mean	dvars_mean
sub-0085	ses-01	run-01	0.13660960600229616	35.58913235706085
sub-0085	ses-01	run-02	0.12960050876950627	39.98047125717566
sub-0085	ses-01	run-03	0.131632158011481	39.195889521239955
sub-0085	ses-01	run-04	0.15638540776199766	36.431796241102184
sub-0085	ses-01	run-05	0.14410800797818596	35.130207104477606
sub-0085	ses-01	run-06	0.12334659668312282	34.642889358208954
