sub	ses	run	fd_mean	dvars_mean
sub-0030	ses-01	run-01	0.12819191840987368	39.7902322055109
sub-0030	ses-01	run-02	0.113783312752101	39.38924282433983
sub-0030	ses-01	run-03	0.15024510301033292	38.32066742594718
sub-0030	ses-01	run-04	0.12246651415382316	39.42972146153846
sub-0030	ses-01	run-05	0.11096082279586679	40.40901169001148
sub-0030	ses-01	run-06	0.17070339078989663	36.81177990470724
