sub	ses	run	fd_mean	dvars_mean	globalsignal_mean
sub-0053	ses-02	run-01	0.08101797824105586	41.07961143374742	2832.7712105523033
sub-0053	ses-02	run-02	0.10380921074111209	36.55102153691887	2823.483147973549
sub-0053	ses-02	run-03	0.10060117810007708	39.33105373554356	2818.484369032805
sub-0053	ses-02	run-04	0.07828392773935927	40.31468465974026	2815.6350047159744
