sub	ses	run	fd_mean	dvars_mean	globalsignal_mean
sub-0130	ses-02	run-01	0.09222191559420286	36.86401044306418	3383.618814114492
sub-0130	ses-02	run-02	0.11830168325287145	37.21012114767548	3379.2487877197827
sub-0130	ses-02	run-03	0.1013530925720894	36.223834307633005	3407.4355837246717
sub-0130	ses-02	run-04	0.114967239255619	36.25406982424243	3390.5137838587875
