sub	ses	run	fd_mean	dvars_mean	globalsignal_mean
sub-0099	ses-02	run-01	0.1422836495908902	33.85053877743271	2718.825085595356
sub-0099	ses-02	run-02	0.13516963661219686	34.35311853053783	2719.9545251880245
sub-0099	ses-02	run-03	0.14613393038473396	34.21736300308404	2710.601604221015
sub-0099	ses-02	run-04	0.13869379846493504	34.146002367965366	2688.930564042073
