sub	ses	run	fd_mean	dvars_mean	globalsignal_mean
sub-0056	ses-02	run-01	0.08234553719701859	34.26785361283643	3426.1592880289977
sub-0056	ses-02	run-02	0.08294226742980854	33.46964815679126	3427.268760966687
sub-0056	ses-02	run-03	0.0808846151577332	32.86537772474942	3393.4798238288413
sub-0056	ses-02	run-04	0.0818190220715151	31.43285009350649	3419.9680107432773
