sub	ses	run	fd_mean	dvars_mean	globalsignal_mean
sub-0008	ses-02	run-01	0.07833328886687366	35.53030301449276	3528.357365212635
sub-0008	ses-02	run-02	0.08269847860802183	34.817040989972654	3513.37495532319
sub-0008	ses-02	run-03	0.09711420734202	34.71126111102544	3554.5238107782193
sub-0008	ses-02	run-04	0.07787426657177486	32.51985752380953	3527.1179035912382
