sub	ses	run	fd_mean	dvars_mean	globalsignal_mean
sub-0038	ses-02	run-01	0.11649842921325047	34.748690742236015	3297.0889919285173
sub-0038	ses-02	run-02	0.1135985664587967	34.96483058523245	3298.1386100709346
sub-0038	ses-02	run-03	0.11286670559043942	33.6500860077101	3311.6831354996893
sub-0038	ses-02	run-04	0.10343540386099563	34.73970036277056	3299.0047804739615
