sub	ses	run	fd_mean	dvars_mean	globalsignal_mean
sub-0101	ses-02	run-01	0.13146317460144924	37.575473595238094	3508.9919768439368
sub-0101	ses-02	run-02	0.13081029768751137	37.90139103190519	3486.4959209960894
sub-0101	ses-02	run-03	0.11914587984096371	38.432480134926756	3480.9892619766547
sub-0101	ses-02	run-04	0.13080957391255407	35.984978413852815	3460.4857704785795
