sub	ses	run	fd_mean	dvars_mean	globalsignal_mean
sub-0069	ses-02	run-01	0.10966455763178051	36.81415970393375	3046.4730373732514
sub-0069	ses-02	run-02	0.10421022289425703	38.70252961713765	3048.494962797516
sub-0069	ses-02	run-03	0.11409778002457754	36.085838302611364	3046.0789845076115
sub-0069	ses-02	run-04	0.09473787589982681	38.084276646753246	3049.512709059708
