sub	ses	run	fd_mean	dvars_mean	globalsignal_mean
sub-0132	ses-02	run-01	0.14147767663457553	38.05968004658384	3374.9348948519223
sub-0132	ses-02	run-02	0.15357224029571556	39.94758564630812	3392.018686283422
sub-0132	ses-02	run-03	0.1580616401111025	38.43869619121049	3383.269121199641
sub-0132	ses-02	run-04	0.19035887677826835	35.81523113073593	3339.5663839423732
