sub	ses	run	fd_mean	dvars_mean	globalsignal_mean
sub-0078	ses-02	run-01	0.10361208479875773	35.571093291925465	3203.3117671177038
sub-0078	ses-02	run-02	0.09375855697721056	35.00965503646308	3236.405306184398
sub-0078	ses-02	run-03	0.11213369872074015	36.96579241942945	3240.186046276299
sub-0078	ses-02	run-04	0.095681975911948	35.40458578008658	3238.2527738866333
