sub	ses	run	fd_mean	dvars_mean	globalsignal_mean
sub-0007	ses-02	run-01	0.1288043947918219	38.3742225610766	3566.995817159032
sub-0007	ses-02	run-02	0.12022308238450315	38.38376020328168	3556.031794609307
sub-0007	ses-02	run-03	0.1135084987555898	40.24812538781804	3545.693297019788
sub-0007	ses-02	run-04	0.14835571552467527	36.381314890909096	3575.538893295569
