sub	ses	run	fd_mean	dvars_mean	globalsignal_mean
sub-0001	ses-02	run-01	0.12493432250106833	37.76152661858974	3215.3004136222953
sub-0001	ses-02	run-02	0.10411004526654062	37.36689896408317	3177.1882244836806
sub-0001	ses-02	run-03	0.0903638714109483	38.28998909868929	3191.416424773899
sub-0001	ses-02	run-04	0.09834745428398264	35.04834825627705	3181.735649622549
