sub	ses	run	fd_mean	dvars_mean	globalsignal_mean
sub-0017	ses-02	run-01	0.11421485091925461	34.902468546583854	3660.9528143365087
sub-0017	ses-02	run-02	0.10778285713345483	36.51993372835005	3660.927154183062
sub-0017	ses-02	run-03	0.129374443787818	35.64276497995374	3659.0767549714965
sub-0017	ses-02	run-04	0.12362294294770558	37.130351263203465	3654.1406699272025
