sub	ses	run	fd_mean	dvars_mean	globalsignal_mean
sub-0033	ses-02	run-01	0.10178449059648029	37.35447124327123	3314.9408472107166
sub-0033	ses-02	run-02	0.11341106023478392	36.84508898997265	3316.1090389211877
sub-0033	ses-02	run-03	0.09628614314202	39.78762765073246	3309.1065474690395
sub-0033	ses-02	run-04	0.10258728324328999	35.20164823203463	3292.2051664593164
