sub	ses	run	fd_mean	dvars_mean	globalsignal_mean
sub-0122	ses-02	run-01	0.10777427390807448	35.39340054968943	3927.8448829456092
sub-0122	ses-02	run-02	0.11009487981786688	36.58210756153145	3917.1816173596035
sub-0122	ses-02	run-03	0.09833665017471084	36.91634777563608	3934.9942749962124
sub-0122	ses-02	run-04	0.10404042265783546	36.507195836363636	3929.828947382904
