sub	ses	run	fd_mean	dvars_mean	globalsignal_mean
sub-0088	ses-02	run-01	0.10777472804244302	37.190830733954456	3572.1773024615654
sub-0088	ses-02	run-02	0.10459680679985411	38.125292533272564	3572.6925765653336
sub-0088	ses-02	run-03	0.11703222795952195	37.13611233461835	3559.985096410798
sub-0088	ses-02	run-04	0.1266136350958874	39.179748245887446	3533.909182363819
