sub	ses	run	fd_mean	dvars_mean	globalsignal_mean
sub-0059	ses-02	run-01	0.12594700300724634	39.74901888612836	3465.927161968258
sub-0059	ses-02	run-02	0.12387927914946213	40.72663509024613	3458.735500218077
sub-0059	ses-02	run-03	0.10030658252737082	37.67612865690054	3448.754732355544
sub-0059	ses-02	run-04	0.10917660527670991	36.20856164502164	3414.7230869502905
