sub	ses	run	fd_mean	dvars_mean	globalsignal_mean
sub-0109	ses-02	run-01	0.1051223297991718	33.45575516770187	3947.957128358873
sub-0109	ses-02	run-02	0.0925291553346399	36.14513101640839	3947.9417020847295
sub-0109	ses-02	run-03	0.10572193854363915	36.33686767771781	3948.149113847452
sub-0109	ses-02	run-04	0.1008184954441558	35.931086345454545	3940.1246929453914
