sub	ses	run	fd_mean	dvars_mean	globalsignal_mean
sub-0084	ses-02	run-01	0.18521262341407863	36.81620570910973	2871.1612073872993
sub-0084	ses-02	run-02	0.21446625924339108	38.35699824977211	2871.4649778501907
sub-0084	ses-02	run-03	0.20433107989822666	38.75267746106399	2876.928004646807
sub-0084	ses-02	run-04	0.2329445942943723	38.875893363636365	2870.616446235383
