sub	ses	run	fd_mean	dvars_mean	globalsignal_mean
sub-0093	ses-02	run-01	0.09823864695503103	33.735112865424426	3461.128585185866
sub-0093	ses-02	run-02	0.1430170927958067	32.65572572014585	3438.013428596676
sub-0093	ses-02	run-03	0.11689218308326904	32.33065063531225	3440.271175292369
sub-0093	ses-02	run-04	0.13025309765021642	33.2552213004329	3408.805896715178
