sub	ses	run	fd_mean	dvars_mean	globalsignal_mean
sub-0083	ses-02	run-01	0.0697467935141542	37.12211952277433	3586.9458951448364
sub-0083	ses-02	run-02	0.06688225036173197	37.029005821330905	3583.006664328351
sub-0083	ses-02	run-03	0.08070272965921353	35.22244844487278	3584.2412409115113
sub-0083	ses-02	run-04	0.07757966440917745	36.55458397575757	3585.1223735154385
