sub	ses	run	fd_mean	dvars_mean	globalsignal_mean
sub-0009	ses-02	run-01	0.1461844034374741	39.173952038302275	3204.0905331625013
sub-0009	ses-02	run-02	0.129807821752051	40.804846569735645	3204.874090635734
sub-0009	ses-02	run-03	0.14540960900771005	40.414980484965305	3197.1577869055905
sub-0009	ses-02	run-04	0.1356289907290043	37.43632329610389	3194.8311402965
