sub	ses	run	fd_mean	dvars_mean	globalsignal_mean
sub-0026	ses-02	run-01	0.09236993321476186	35.33232573291926	3937.450371477921
sub-0026	ses-02	run-02	0.1104454273660893	38.85345421330902	3921.1286092969403
sub-0026	ses-02	run-03	0.1092987286569005	34.66785657748651	3943.582305580004
sub-0026	ses-02	run-04	0.07628211062787876	37.336702319480516	3937.4153645156584
