sub	ses	run	fd_mean	dvars_mean	globalsignal_mean
sub-0114	ses-02	run-01	0.18338033738064177	43.17155685403726	3809.7789235106216
sub-0114	ses-02	run-02	0.17183993835132175	38.16242422424795	3806.3300525501672
sub-0114	ses-02	run-03	0.1641105089307633	46.24712901773323	3836.203335713403
sub-0114	ses-02	run-04	0.19315938623549783	41.20073297316017	3834.9121288988285
