sub	ses	run	fd_mean	dvars_mean	globalsignal_mean
sub-0095	ses-02	run-01	0.1363059882464803	35.07447320082816	3205.3600578785217
sub-0095	ses-02	run-02	0.11238763716408383	35.66873149954421	3213.0473031663487
sub-0095	ses-02	run-03	0.10538161127384729	35.68234961757903	3221.8100446313597
sub-0095	ses-02	run-04	0.1150747730329004	33.130371435497835	3217.536582386197
