sub	ses	run	fd_mean	dvars_mean	globalsignal_mean
sub-0004	ses-02	run-01	0.10718218037581777	34.93790391925466	3732.1915490488113
sub-0004	ses-02	run-02	0.1425270583783044	34.006618112123974	3738.6545922020214
sub-0004	ses-02	run-03	0.12795971763631453	34.07036331996916	3688.8654255992856
sub-0004	ses-02	run-04	0.15235563661471857	34.050276131601734	3710.318293724081
