sub	ses	run	fd_mean	dvars_mean	globalsignal_mean
sub-0127	ses-02	run-01	0.14038367413039335	35.11650554451346	3927.1368742528566
sub-0127	ses-02	run-02	0.14511024002771192	36.65755012853236	3890.28373750649
sub-0127	ses-02	run-03	0.1373184842636854	35.949117759444874	3878.307542832056
sub-0127	ses-02	run-04	0.15119624989887442	35.6860148051948	3896.849173306903
