sub	ses	run	fd_mean	dvars_mean	globalsignal_mean
sub-0112	ses-02	run-01	0.17010956663126292	30.355281120082818	3996.599798667542
sub-0112	ses-02	run-02	0.12303245227584315	29.938172801276206	4050.9974506065937
sub-0112	ses-02	run-03	0.1808568719976869	28.94546554279106	4044.938674413502
sub-0112	ses-02	run-04	0.20915031105264068	32.849110071861475	4030.5504104399806
