sub	ses	run	fd_mean	dvars_mean	globalsignal_mean
sub-0061	ses-02	run-01	0.1168573313828157	35.361885554865424	3488.5159900372123
sub-0061	ses-02	run-02	0.10349530646612577	36.152250012762075	3492.991942689612
sub-0061	ses-02	run-03	0.10688073305397067	36.69106113955281	3500.9270026323948
sub-0061	ses-02	run-04	0.10713886989558437	34.43230319134199	3476.236217412713
