sub	ses	run	fd_mean	dvars_mean	globalsignal_mean
sub-0091	ses-02	run-01	0.2212469688944099	41.4309017826087	3809.057735096796
sub-0091	ses-02	run-02	0.19662298961330896	42.448057573381945	3837.857029772792
sub-0091	ses-02	run-03	0.3140102829754819	42.75084797224364	3816.909382510037
sub-0091	ses-02	run-04	0.25006751127896104	39.06243010649351	3812.9832954900758
