sub	ses	run	fd_mean	dvars_mean	globalsignal_mean
sub-0058	ses-02	run-01	0.10041878203312625	36.16514411594203	2854.719324564798
sub-0058	ses-02	run-02	0.115853406860711	37.478361529626255	2848.4544880320605
sub-0058	ses-02	run-03	0.10410629370682341	37.302876798766384	2878.1099940008394
sub-0058	ses-02	run-04	0.10676319781392204	36.691553341991344	2871.4610075422993
