sub	ses	run	fd_mean	dvars_mean	globalsignal_mean
sub-0129	ses-02	run-01	0.11832412534057968	41.19290614699792	3081.0805650798966
sub-0129	ses-02	run-02	0.11903913428851406	42.58449965998177	3084.651065438568
sub-0129	ses-02	run-03	0.12579921888288353	41.60698160601388	3088.483967082267
sub-0129	ses-02	run-04	0.132914948430303	43.07639176796536	3082.333611175521
