sub	ses	run	fd_mean	dvars_mean	globalsignal_mean
sub-0118	ses-02	run-01	0.13321144159610762	33.43406843064182	3871.273382415143
sub-0118	ses-02	run-02	0.12877988156444845	33.922725649954415	3877.4834345780746
sub-0118	ses-02	run-03	0.15661947295296835	30.853118309175017	3865.6228715631787
sub-0118	ses-02	run-04	0.22291380369004324	32.45653962770563	3846.200412511503
