sub	ses	run	fd_mean	dvars_mean	globalsignal_mean
sub-0002	ses-02	run-01	0.19526885795610763	35.93352764182195	3099.4321785066436
sub-0002	ses-02	run-02	0.15103072076663623	32.98371692798542	3107.6454549116493
sub-0002	ses-02	run-03	0.24231010174094064	34.399049533538935	3089.5516410099167
sub-0002	ses-02	run-04	0.33177488458441556	39.87848058961039	3082.70900678019
