sub	ses	run	fd_mean	dvars_mean	globalsignal_mean
sub-0051	ses-02	run-01	0.13578955027950304	42.72900560559006	4194.056544225244
sub-0051	ses-02	run-02	0.15159270434840472	45.1553959206928	4193.794202405964
sub-0051	ses-02	run-03	0.21207202476761755	41.72884277872012	4233.870462418335
sub-0051	ses-02	run-04	0.22547512447229434	41.89259495411255	4219.597608858689
