sub	ses	run	fd_mean	dvars_mean	globalsignal_mean
sub-0082	ses-02	run-01	0.20089828537267077	35.40446207039337	3401.5770089915536
sub-0082	ses-02	run-02	0.273793759443938	42.066497084776664	3429.7832006989115
sub-0082	ses-02	run-03	0.23586701714171163	37.43457620971473	3413.5649971087205
sub-0082	ses-02	run-04	0.3062697392450216	39.72424754718615	3431.8370313991827
