sub	ses	run	fd_mean	dvars_mean	globalsignal_mean
sub-0019	ses-02	run-01	0.12057014652908898	39.197445331262934	3712.955819842014
sub-0019	ses-02	run-02	0.1201303915591613	38.18609089425707	3708.023325281723
sub-0019	ses-02	run-03	0.10593538746800304	40.14576483808789	3727.4702494793655
sub-0019	ses-02	run-04	0.10230057748124671	40.33425254805194	3720.5619755228054
