sub	ses	run	fd_mean	dvars_mean	globalsignal_mean
sub-0123	ses-02	run-01	0.12700313022981363	38.07525880538302	3646.112305406662
sub-0123	ses-02	run-02	0.11994169879181402	38.05869117502279	3642.2458802869764
sub-0123	ses-02	run-03	0.0987918645191981	39.529768734772546	3652.59167808543
sub-0123	ses-02	run-04	0.12185157152571424	39.55739309264069	3657.368805367813
