sub	ses	run	fd_mean	dvars_mean	globalsignal_mean
sub-0036	ses-02	run-01	0.10686658329161487	32.1882667184265	3482.952957581298
sub-0036	ses-02	run-02	0.08502462400865994	34.2303351030082	3453.34373661434
sub-0036	ses-02	run-03	0.0803076568562837	37.9281896075559	3460.915889017347
sub-0036	ses-02	run-04	0.092183675234632	38.496937497835496	3464.2235944889194
