sub	ses	run	fd_mean	dvars_mean	globalsignal_mean
sub-0089	ses-02	run-01	0.10765530786886124	36.54301696376811	3355.280037059537
sub-0089	ses-02	run-02	0.10231879728149496	38.133231116681856	3370.0427276576643
sub-0089	ses-02	run-03	0.0932922308486507	38.80995053276793	3373.8096749349934
sub-0089	ses-02	run-04	0.11492901191428566	38.45127307705628	3351.409162307158
