sub	ses	run	fd_mean	dvars_mean	globalsignal_mean
sub-0115	ses-02	run-01	0.10228486479151135	37.111533563147006	3069.5190353861153
sub-0115	ses-02	run-02	0.099616898911577	38.11863273199635	3072.4922620537486
sub-0115	ses-02	run-03	0.08943129439776404	38.81177313801079	3074.541909815565
sub-0115	ses-02	run-04	0.11090037981298696	36.21849371948051	3086.508833614485
