sub	ses	run	fd_mean	dvars_mean	globalsignal_mean
sub-0032	ses-02	run-01	0.1240444691801242	37.54907383126294	3058.0382745352504
sub-0032	ses-02	run-02	0.1453669225357429	38.964481031905194	3044.88011801897
sub-0032	ses-02	run-03	0.12578938964618344	38.87400492521203	3068.409169683017
sub-0032	ses-02	run-04	0.16126099465281382	38.830467825974026	3039.4208924419327
