sub	ses	run	fd_mean	dvars_mean	globalsignal_mean
sub-0035	ses-02	run-01	0.10070590428281569	38.04284761490683	3468.5784276550794
sub-0035	ses-02	run-02	0.10010634132096077	42.12666105742935	3425.9012157791226
sub-0035	ses-02	run-03	0.16755200200848108	34.414471226676945	3435.083534988002
sub-0035	ses-02	run-04	0.1520483018268398	36.05648834545455	3447.326304174325
