sub	ses	run	fd_mean	dvars_mean	globalsignal_mean
sub-0023	ses-02	run-01	0.13135130349772253	45.214308607660456	3366.8103269833277
sub-0023	ses-02	run-02	0.1705241262917046	41.66178658249772	3348.5939278342416
sub-0023	ses-02	run-03	0.14543658252891284	37.306146608326905	3381.9801095815615
sub-0023	ses-02	run-04	0.19508250356883114	37.67172548051948	3363.5076891269523
