sub	ses	run	fd_mean	dvars_mean	globalsignal_mean
sub-0076	ses-02	run-01	0.11856810380766042	39.16568370807453	3569.24709233579
sub-0076	ses-02	run-02	0.10725923242529622	40.2742116946217	3568.873203682035
sub-0076	ses-02	run-03	0.09668028756715494	41.46045893523516	3571.378272158355
sub-0076	ses-02	run-04	0.12201452206112551	39.096480283982686	3572.3716842983586
