sub	ses	run	fd_mean	dvars_mean	globalsignal_mean
sub-0070	ses-02	run-01	0.19082420917184262	42.29458303416149	3288.0852905327893
sub-0070	ses-02	run-02	0.1705234500278942	41.07162437192342	3282.361775771673
sub-0070	ses-02	run-03	0.15553501307332304	39.80852937239784	3278.9624170433976
sub-0070	ses-02	run-04	0.16465289405021644	39.79534046147186	3286.896082667398
