sub	ses	run	fd_mean	dvars_mean	globalsignal_mean
sub-0092	ses-02	run-01	0.13661381829720493	33.09766690062112	3516.3317238524387
sub-0092	ses-02	run-02	0.12249225152251592	34.093619511394714	3476.5131279767984
sub-0092	ses-02	run-03	0.1306185088181187	35.842055984579794	3531.3288560313385
sub-0092	ses-02	run-04	0.1662803610450216	34.83202013939394	3528.334835421953
