sub	ses	run	fd_mean	dvars_mean	globalsignal_mean
sub-0086	ses-02	run-01	0.100157060884472	34.640456279503105	3607.255060683718
sub-0086	ses-02	run-02	0.098744586708113	33.71536683135825	3623.310411226779
sub-0086	ses-02	run-03	0.07826287212043173	35.8170433461835	3611.7803297464798
sub-0086	ses-02	run-04	0.0837908641471861	34.297073807792216	3624.5943670368724
