sub	ses	run	fd_mean	dvars_mean	globalsignal_mean
sub-0006	ses-02	run-01	0.24710723423809522	36.12236537163562	3371.740995869183
sub-0006	ses-02	run-02	0.22552424570246124	36.8713493609845	3419.1322819571965
sub-0006	ses-02	run-03	0.4753750767609869	42.199825069390904	3357.6376866394207
sub-0006	ses-02	run-04	0.23569600515497832	33.841843359307354	3344.333108605036
